{
    "prepare_queue": {
        "installed": [],
        "uninstalled": []
    },
    "config_munge": {
        "files": {
            "config.xml": {
                "parents": {
                    "/*": [
                        {
                            "xml": "<feature name=\"Notification\"><param name=\"ios-package\" value=\"CDVNotification\" /></feature>",
                            "count": 1
                        },
                        {
                            "xml": "<feature name=\"InAppBrowser\"><param name=\"ios-package\" value=\"CDVInAppBrowser\" /></feature>",
                            "count": 1
                        },
                        {
                            "xml": "<feature name=\"NetworkStatus\"><param name=\"ios-package\" value=\"CDVConnection\" /></feature>",
                            "count": 1
                        }
                    ]
                }
            }
        }
    },
    "installed_plugins": {
        "cordova-plugin-dialogs": {
            "PACKAGE_NAME": "com.myapp.vetassist"
        },
        "cordova-plugin-inappbrowser": {
            "PACKAGE_NAME": "com.myapp.vetassist"
        },
        "cordova-plugin-network-information": {
            "PACKAGE_NAME": "com.myapp.vetassist"
        },
        "cordova-plugin-whitelist": {
            "PACKAGE_NAME": "com.myapp.vetassist"
        }
    },
    "dependent_plugins": {},
    "modules": [
        {
            "id": "cordova-plugin-dialogs.notification",
            "file": "plugins/cordova-plugin-dialogs/www/notification.js",
            "pluginId": "cordova-plugin-dialogs",
            "merges": [
                "navigator.notification"
            ]
        },
        {
            "id": "cordova-plugin-inappbrowser.inappbrowser",
            "file": "plugins/cordova-plugin-inappbrowser/www/inappbrowser.js",
            "pluginId": "cordova-plugin-inappbrowser",
            "clobbers": [
                "cordova.InAppBrowser.open",
                "window.open"
            ]
        },
        {
            "id": "cordova-plugin-network-information.network",
            "file": "plugins/cordova-plugin-network-information/www/network.js",
            "pluginId": "cordova-plugin-network-information",
            "clobbers": [
                "navigator.connection",
                "navigator.network.connection"
            ]
        },
        {
            "id": "cordova-plugin-network-information.Connection",
            "file": "plugins/cordova-plugin-network-information/www/Connection.js",
            "pluginId": "cordova-plugin-network-information",
            "clobbers": [
                "Connection"
            ]
        }
    ],
    "plugin_metadata": {
        "cordova-plugin-dialogs": "1.3.3-dev",
        "cordova-plugin-inappbrowser": "1.7.0",
        "cordova-plugin-network-information": "1.3.3-dev",
        "cordova-plugin-whitelist": "1.3.2"
    }
}